{
    "callId": "CM2025031512345",
    "timestamp": "2025-03-15T14:23:17-05:00",
    "userId": "user_789012",
    "agentId": "agent_345678",
    "duration": 720,
    "callType": "inbound",
    "category": "sales",
    "notes": "Client interested in upgrading from individual to couples therapy. Discussed pricing and benefits of joint sessions. Mentioned positive experience with current therapist. Opportunity for upsell.",
    "tags": ["upsell", "couples_therapy", "pricing_discussion"],
    "sentiment": "positive",
    "nextAction": "follow_up_email",
    "nextActionDate": "2025-03-17"
  },
  {
    "callId": "CM2025031612346",
    "timestamp": "2025-03-16T10:05:42-05:00",
    "userId": "user_901234",
    "agentId": "agent_567890",
    "duration": 540,
    "callType": "outbound",
    "category": "support",
    "notes": "User reported difficulty with video sessions, comparing our platform unfavorably to BetterHelp. Walked through troubleshooting steps. Emphasized our personalized matching process as advantage over competitors.",
    "tags": ["technical_issue", "competitor_mention", "value_proposition"],
    "sentiment": "neutral",
    "nextAction": "tech_support_ticket",
    "nextActionDate": "2025-03-16"
  },
  {
    "callId": "CM2025031712347",
    "timestamp": "2025-03-17T16:30:09-05:00",
    "userId": "user_123456",
    "agentId": "agent_789012",
    "duration": 900,
    "callType": "inbound",
    "category": "feedback",
    "notes": "Long-term client considering non-renewal. Expected more progress after 6 months. Discussed potential switch to CBT-focused therapist. Highlighted our diverse provider network and ease of therapist changes.",
    "tags": ["retention_risk", "expectation_gap", "therapist_change"],
    "sentiment": "negative",
    "nextAction": "schedule_followup_call",
    "nextActionDate": "2025-03-24"
  },
  {
    "callId": "CM2025031812348",
    "timestamp": "2025-03-18T11:45:33-05:00",
    "userId": "user_234567",
    "agentId": "agent_901234",
    "duration": 480,
    "callType": "inbound",
    "category": "sales",
    "notes": "New client inquiring about medication management services. Compared our psychiatry offerings to Cerebral. Emphasized our integrated therapy and medication approach. Booked initial consultation.",
    "tags": ["new_client", "psychiatry_services", "competitor_comparison"],
    "sentiment": "positive",
    "nextAction": "send_welcome_packet",
    "nextActionDate": "2025-03-19"
  },
  {
    "callId": "CM2025031912349",
    "timestamp": "2025-03-19T15:10:22-05:00",
    "userId": "user_345678",
    "agentId": "agent_123456",
    "duration": 660,
    "callType": "outbound",
    "category": "feedback",
    "notes": "Quarterly check-in with high-value client. Very satisfied with therapist match and progress. Interested in adding group therapy sessions. Opportunity to upsell premium package.",
    "tags": ["customer_satisfaction", "upsell_opportunity", "group_therapy"],
    "sentiment": "positive",
    "nextAction": "send_premium_package_info",
    "nextActionDate": "2025-03-21"
  }