{
    "callId": "CM2025031501",
    "timestamp": "2025-03-15T14:32:17Z",
    "userId": "client_89735",
    "agentId": "agent_1234",
    "duration": 720,
    "callType": "inbound",
    "category": "scheduling",
    "notes": "Client reported difficulty scheduling first appointment. Matching algorithm took 72 hours to find suitable therapist. Escalated to Salesforce case #SF45678 for review of matching efficiency.",
    "satisfaction": 3,
    "tags": ["matching_delay", "scheduling_issue", "algorithm_review"]
  },
  {
    "callId": "CM2025031502",
    "timestamp": "2025-03-15T16:45:03Z",
    "userId": "provider_12456",
    "agentId": "agent_5678",
    "duration": 540,
    "callType": "inbound",
    "category": "technical_support",
    "notes": "Provider unable to access platform for 2 hours. Slack channel #platform-alerts notified of downtime. Issue resolved at 18:30. Follow-up required on stability improvements.",
    "satisfaction": 2,
    "tags": ["platform_downtime", "provider_support", "technical_issue"]
  },
  {
    "callId": "CM2025031503",
    "timestamp": "2025-03-15T18:20:41Z",
    "userId": "client_90123",
    "agentId": "agent_9012",
    "duration": 900,
    "callType": "outbound",
    "category": "sales",
    "notes": "Discussed SonderMind's advantages over Headway and Talkiatry. Client appreciated our broader network and faster matching. Highlighted our unique 12-variable algorithm for personalized matching.",
    "satisfaction": 5,
    "tags": ["competitive_advantage", "sales_opportunity", "algorithm_highlight"],
    "followUpEmail": {
      "subject": "SonderMind: Personalized Care Matching",
      "body": "Thank you for your interest in SonderMind. As discussed, our 12-variable matching algorithm sets us apart from Headway and Talkiatry, ensuring you find the right therapist faster. Let's schedule a demo to show you how it works!"
    }
  },
  {
    "callId": "CM2025031504",
    "timestamp": "2025-03-15T20:05:12Z",
    "userId": "provider_13579",
    "agentId": "agent_3456",
    "duration": 480,
    "callType": "inbound",
    "category": "feedback",
    "notes": "Provider praised SonderMind's efficient payment processing compared to competitors. Suggested improvements in client-provider chat feature. Logged in Slack #product-feedback for review.",
    "satisfaction": 4,
    "tags": ["provider_feedback", "payment_efficiency", "feature_request"]
  },
  {
    "callId": "CM2025031505",
    "timestamp": "2025-03-15T21:30:55Z",
    "userId": "client_91234",
    "agentId": "agent_7890",
    "duration": 660,
    "callType": "inbound",
    "category": "billing",
    "notes": "Client reported confusion over insurance coverage. Explained SonderMind's streamlined billing process and how it differs from Talkiatry's model. Client appreciated transparency.",
    "satisfaction": 4,
    "tags": ["insurance_explanation", "billing_process", "competitive_comparison"]
  }