{
    "id": "OM-2023-11-15-001",
    "timestamp": "2023-11-15T09:23:14Z",
    "userId": "U78924",
    "userDemographics": {
      "age": 32,
      "gender": "Female",
      "location": "Denver, CO"
    },
    "outreachChannel": "Email",
    "outreachType": "Initial Contact",
    "outreachContent": "Personalized Therapy Matching",
    "clickThroughRate": 0.28,
    "conversionRate": 0.15,
    "matchScore": 0.92,
    "therapistMatched": "T45632",
    "matchingCriteria": [
      "Anxiety",
      "CBT",
      "Telehealth"
    ]
  },
  {
    "id": "OM-2023-11-15-002",
    "timestamp": "2023-11-15T10:45:37Z",
    "userId": "U79013",
    "userDemographics": {
      "age": 45,
      "gender": "Male",
      "location": "Boulder, CO"
    },
    "outreachChannel": "SMS",
    "outreachType": "Follow-up",
    "outreachContent": "Appointment Reminder",
    "clickThroughRate": 0.62,
    "conversionRate": 0.38,
    "matchScore": 0.87,
    "therapistMatched": "T41278",
    "matchingCriteria": [
      "Depression",
      "EMDR",
      "In-person"
    ]
  },
  {
    "id": "OM-2023-11-15-003",
    "timestamp": "2023-11-15T14:12:09Z",
    "userId": "U79245",
    "userDemographics": {
      "age": 28,
      "gender": "Non-binary",
      "location": "Fort Collins, CO"
    },
    "outreachChannel": "Push Notification",
    "outreachType": "Re-engagement",
    "outreachContent": "New Therapist Available",
    "clickThroughRate": 0.41,
    "conversionRate": 0.22,
    "matchScore": 0.95,
    "therapistMatched": "T47890",
    "matchingCriteria": [
      "LGBTQ+ Issues",
      "Mindfulness",
      "Telehealth"
    ]
  },
  {
    "id": "OM-2023-11-15-004",
    "timestamp": "2023-11-15T16:38:52Z",
    "userId": "U79431",
    "userDemographics": {
      "age": 55,
      "gender": "Female",
      "location": "Colorado Springs, CO"
    },
    "outreachChannel": "In-App Message",
    "outreachType": "Upsell",
    "outreachContent": "Couples Therapy Introduction",
    "clickThroughRate": 0.35,
    "conversionRate": 0.18,
    "matchScore": 0.89,
    "therapistMatched": "T43567",
    "matchingCriteria": [
      "Relationship Issues",
      "Gottman Method",
      "In-person"
    ]
  },
  {
    "id": "OM-2023-11-15-005",
    "timestamp": "2023-11-15T19:05:23Z",
    "userId": "U79602",
    "userDemographics": {
      "age": 37,
      "gender": "Male",
      "location": "Aurora, CO"
    },
    "outreachChannel": "Email",
    "outreachType": "Educational",
    "outreachContent": "Stress Management Techniques",
    "clickThroughRate": 0.52,
    "conversionRate": 0.29,
    "matchScore": 0.91,
    "therapistMatched": "T46123",
    "matchingCriteria": [
      "Stress",
      "ACT",
      "Telehealth"
    ]
  }