{
    "ticketId": "SM-23456",
    "timestamp": "2023-11-15T09:23:14Z",
    "userId": "user_789012",
    "userEmail": "sarah.johnson@email.com",
    "category": "User Behavior & Engagement",
    "subject": "Difficulty completing therapist matching questionnaire",
    "description": "I'm trying to complete the therapist matching questionnaire, but it keeps freezing on the 'Previous Mental Health History' page. I've tried refreshing and using different browsers, but I can't get past this step.",
    "priority": "Medium",
    "status": "Open",
    "assignedTo": "support_team_onboarding",
    "tags": ["onboarding", "questionnaire", "technical_issue"]
  },
  {
    "ticketId": "SM-23457",
    "timestamp": "2023-11-15T10:45:32Z",
    "userId": "user_345678",
    "userEmail": "michael.brown@email.com",
    "category": "Sales & Revenue",
    "subject": "Inquiry about package upgrade options",
    "description": "I've been using SonderMind for 3 months and find it really helpful. I'm wondering if there are any package upgrades available that would allow me to have more sessions per month or access to additional resources?",
    "priority": "Low",
    "status": "Open",
    "assignedTo": "sales_team",
    "tags": ["upsell", "subscription", "package_inquiry"]
  },
  {
    "ticketId": "SM-23458",
    "timestamp": "2023-11-15T11:12:09Z",
    "userId": "provider_567890",
    "userEmail": "dr.thompson@sondermind.com",
    "category": "Market & Competitive Insights",
    "subject": "Patient mentioned competitor's meditation feature",
    "description": "During a session today, a patient mentioned they've been using MindfulNow's guided meditation feature between therapy sessions. They asked if SonderMind offers something similar. This might be worth looking into as an additional service.",
    "priority": "Low",
    "status": "Open",
    "assignedTo": "product_team",
    "tags": ["competitor_insight", "feature_request", "meditation"]
  },
  {
    "ticketId": "SM-23459",
    "timestamp": "2023-11-15T13:37:55Z",
    "userId": "user_901234",
    "userEmail": "alex.martinez@email.com",
    "category": "Growth Opportunities & Expansion",
    "subject": "Request for group therapy sessions",
    "description": "I love using SonderMind for individual therapy, but I was wondering if you offer any group therapy sessions? It would be great to connect with others who are going through similar experiences.",
    "priority": "Medium",
    "status": "Open",
    "assignedTo": "product_development",
    "tags": ["feature_request", "group_therapy", "service_expansion"]
  },
  {
    "ticketId": "SM-23460",
    "timestamp": "2023-11-15T14:59:01Z",
    "userId": "user_123456",
    "userEmail": "emily.wong@email.com",
    "category": "User Behavior & Engagement",
    "subject": "Confusion about insurance coverage during signup",
    "description": "I'm trying to sign up for SonderMind, but I'm not sure if my insurance is accepted. The insurance verification step is unclear, and I can't find a list of accepted providers. Can you help me understand if I'm covered before I complete the signup process?",
    "priority": "High",
    "status": "Open",
    "assignedTo": "support_team_insurance",
    "tags": ["onboarding", "insurance", "user_confusion"]
  }